"outer_fold","rank","gene"
1,1,"SDR42E1"
1,2,"COL20A1"
1,3,"RASL10B"
1,4,"FCRL1"
1,5,"MARK4"
1,6,"KIAA0040"
1,7,"TCF7L1"
1,8,"PCDHA4"
1,9,"VARS2"
1,10,"PLCG2"
1,11,"ZNF850"
1,12,"RPL32P1"
1,13,"RBPMS2"
1,14,"MIR29B2CHG"
1,15,"CPNE5"
1,16,"PAK4"
1,17,"TK1"
1,18,"TBKBP1"
1,19,"FBL"
1,20,"TICRR"
1,21,"DENND2A"
1,22,"ZNF579"
1,23,"SLC29A4"
1,24,"SLC16A7"
1,25,"TLR10"
1,26,"CSNK2B"
1,27,"KIF5C"
1,28,"TUBB"
1,29,"TMEM97"
1,30,"FCRL2"
1,31,"CCAR2"
1,32,"MS4A1"
1,33,"SDHAF1"
1,34,"THAP10"
1,35,"TLR1"
1,36,"ITSN2"
1,37,"UBE2O"
1,38,"ZNF492"
1,39,"JPT1"
1,40,"DACT3"
1,41,"IGLV2-23"
1,42,"HROB"
1,43,"ADAMTS7"
1,44,"TRIM71"
1,45,"RNF165"
1,46,"BIRC5"
1,47,"SUPT5H"
1,48,"ZNF571-AS1"
1,49,"LRRC8C"
1,50,"PCDHA10"
1,51,"COL4A4"
1,52,"NTN1"
1,53,"PIMREG"
1,54,"BANK1"
1,55,"PCDHA9"
1,56,"NKX2-2"
1,57,"UBE2J1"
1,58,"LINC02362"
1,59,"GSK3A"
1,60,"ERAP2"
1,61,"FOXK2"
1,62,"SBK1"
1,63,"ALPK1"
1,64,"HMBOX1"
1,65,"KIFC1"
1,66,"ERCC2"
1,67,"WAKMAR2"
1,68,"HNRNPUL1"
1,69,"RELN"
1,70,"SIDT1"
1,71,"CAST"
1,72,"TTN"
1,73,"CACNA2D4"
1,74,"FOXC1"
1,75,"ABCF1"
1,76,"ZNF221"
1,77,"SMPDL3A"
1,78,"TC2N"
1,79,"PCDHAC1"
1,80,"PRR3"
1,81,"DGLUCY"
1,82,"SLAMF1"
1,83,"LMAN2L"
1,84,"CD58"
1,85,"MIR155HG"
1,86,"TPK1"
1,87,"EXTL3"
1,88,"SCARF2"
1,89,"KIF18B"
1,90,"LRBA"
1,91,"TRO"
1,92,"HOXB4"
1,93,"BYSL"
1,94,"RHOH"
1,95,"PPP2R5D"
1,96,"RPS19"
1,97,"ZNF286A"
1,98,"SIX4"
1,99,"FPGT-TNNI3K"
1,100,"GPR155"
2,1,"SDR42E1"
2,2,"IGLV1-44"
2,3,"KCNG1"
2,4,"KLRK1"
2,5,"COL20A1"
2,6,"FCRL1"
2,7,"GPC1"
2,8,"IGLV2-23"
2,9,"ERAP2"
2,10,"MIR29B2CHG"
2,11,"ASIC1"
2,12,"TLR1"
2,13,"RAC3"
2,14,"VARS2"
2,15,"ASTN2"
2,16,"TUBB"
2,17,"FCRL2"
2,18,"BLK"
2,19,"TICRR"
2,20,"WAKMAR2"
2,21,"TMEM97"
2,22,"GINS4"
2,23,"ERMN"
2,24,"TK1"
2,25,"SQLE"
2,26,"ALPK1"
2,27,"SCARF2"
2,28,"IRF1-AS1"
2,29,"LINC02362"
2,30,"IRF2"
2,31,"RASL10B"
2,32,"FBL"
2,33,"TLR10"
2,34,"DENND2A"
2,35,"PEG3"
2,36,"ZNF579"
2,37,"UNG"
2,38,"CDC6"
2,39,"HSH2D"
2,40,"TBKBP1"
2,41,"ARRDC5"
2,42,"TRIM28"
2,43,"IGHV1-2"
2,44,"IGLV2-8"
2,45,"TRIM71"
2,46,"BCL2L12"
2,47,"SLC16A7"
2,48,"THAP10"
2,49,"SIDT1"
2,50,"PCDHA10"
2,51,"TOMM40"
2,52,"KLRD1"
2,53,"CDH24"
2,54,"CYLD"
2,55,"RAB37"
2,56,"TMEM156"
2,57,"ITSN2"
2,58,"RTEL1-TNFRSF6B"
2,59,"PIMREG"
2,60,"FCHO1"
2,61,"FAM214A"
2,62,"PLCG2"
2,63,"FOXK2"
2,64,"RGS17P1"
2,65,"REL"
2,66,"TRGC2"
2,67,"KHSRP"
2,68,"RPL32P1"
2,69,"ZNF730"
2,70,"TMEM145"
2,71,"TSPAN11"
2,72,"XPO5"
2,73,"TTC39B"
2,74,"RELN"
2,75,"RHOH"
2,76,"HROB"
2,77,"TPK1"
2,78,"LARP6"
2,79,"PATL2"
2,80,"FLT3"
2,81,"KIF5C"
2,82,"MS4A1"
2,83,"LMNB2"
2,84,"ZNF724"
2,85,"MEOX2"
2,86,"OGFOD3"
2,87,"KPNB1"
2,88,"SLC29A4"
2,89,"NEK5"
2,90,"NTN1"
2,91,"LINC00649"
2,92,"HOXB9"
2,93,"POU2AF1"
2,94,"CD79A"
2,95,"TTN"
2,96,"BIRC5"
2,97,"LIMD1"
2,98,"CD69"
2,99,"EXTL3"
2,100,"HCP5"
3,1,"SDR42E1"
3,2,"SLC29A4"
3,3,"MIR29B2CHG"
3,4,"DENND2A"
3,5,"MAATS1"
3,6,"FPGT-TNNI3K"
3,7,"TPK1"
3,8,"ALDH1A2"
3,9,"PAK4"
3,10,"POU4F1"
3,11,"TLR10"
3,12,"ERMN"
3,13,"TWIST2"
3,14,"FCRL1"
3,15,"SALL4"
3,16,"PCDHB10"
3,17,"ASTN2"
3,18,"SIX4"
3,19,"NTN1"
3,20,"PCDHB12"
3,21,"FOXM1"
3,22,"IGLV2-23"
3,23,"FKBP4"
3,24,"RAB37"
3,25,"RELN"
3,26,"ALPK1"
3,27,"PCDHAC1"
3,28,"TICRR"
3,29,"ZNF571-AS1"
3,30,"SNHG32"
3,31,"TLR1"
3,32,"RPS19"
3,33,"ZC3HAV1L"
3,34,"PCDHA9"
3,35,"PPP3CB-AS1"
3,36,"RASL10B"
3,37,"PCDHA10"
3,38,"PCSK1"
3,39,"ZNF93"
3,40,"PCDHB9"
3,41,"HROB"
3,42,"VARS2"
3,43,"TMEM97"
3,44,"MEX3A"
3,45,"MS4A1"
3,46,"CLDN11"
3,47,"ZNF286A"
3,48,"TUBB"
3,49,"ST6GAL2"
3,50,"ZNF260"
3,51,"KIAA1549"
3,52,"TRIM71"
3,53,"IGF2"
3,54,"FCRL2"
3,55,"SIDT1"
3,56,"RPL32P1"
3,57,"PCDHB11"
3,58,"SLC16A7"
3,59,"FBL"
3,60,"PLCG2"
3,61,"PAXIP1-AS2"
3,62,"SLC7A2"
3,63,"ITGB2-AS1"
3,64,"ITSN2"
3,65,"FZD2"
3,66,"DACT3"
3,67,"SLC38A11"
3,68,"FOXK2"
3,69,"ZNF850"
3,70,"ZC3H12D"
3,71,"A2M-AS1"
3,72,"DZIP1"
3,73,"STRAP"
3,74,"ZFAND3"
3,75,"TTN"
3,76,"NAAA"
3,77,"CPNE5"
3,78,"UBE2O"
3,79,"KCNG1"
3,80,"SQLE"
3,81,"PIMREG"
3,82,"CYLD"
3,83,"MCM3"
3,84,"ZNF726"
3,85,"ZNF724"
3,86,"VASH2"
3,87,"XPO5"
3,88,"GMNN"
3,89,"SCARF2"
3,90,"BANK1"
3,91,"CBX7"
3,92,"PARPBP"
3,93,"IGFBP3"
3,94,"RPS16"
3,95,"BYSL"
3,96,"IPCEF1"
3,97,"IRF1-AS1"
3,98,"CCDC88B"
3,99,"FCHO1"
3,100,"CECR2"
4,1,"FCRL1"
4,2,"COL20A1"
4,3,"PSMB8-AS1"
4,4,"HROB"
4,5,"SDR42E1"
4,6,"RIMS2"
4,7,"TMEM200C"
4,8,"VARS2"
4,9,"DENND2A"
4,10,"WAKMAR2"
4,11,"KIF5C"
4,12,"UBE2O"
4,13,"TPK1"
4,14,"TK1"
4,15,"KIAA1549"
4,16,"FOXK2"
4,17,"SBK1"
4,18,"FCRL2"
4,19,"DDX51"
4,20,"SIX4"
4,21,"ALYREF"
4,22,"TLR10"
4,23,"SLC29A4"
4,24,"OGFOD3"
4,25,"SMPDL3A"
4,26,"BIRC5"
4,27,"RNF165"
4,28,"SCARF2"
4,29,"TICRR"
4,30,"CEP131"
4,31,"PSMD3"
4,32,"DLX6-AS1"
4,33,"EPN2"
4,34,"EPHB3"
4,35,"RASL10B"
4,36,"LLGL1"
4,37,"TBKBP1"
4,38,"TRIM71"
4,39,"DOK6"
4,40,"E2F1"
4,41,"DACT3"
4,42,"BLK"
4,43,"FIGNL2"
4,44,"MEOX2"
4,45,"IGF2"
4,46,"ULK1"
4,47,"MARK4"
4,48,"CDH24"
4,49,"HIC2"
4,50,"FKBP4"
4,51,"RELN"
4,52,"LINC00426"
4,53,"HCP5"
4,54,"FBL"
4,55,"MEX3B"
4,56,"TLR1"
4,57,"PLCG2"
4,58,"ASTN2"
4,59,"SUPT5H"
4,60,"CPNE5"
4,61,"PATL2"
4,62,"PTOV1"
4,63,"SAMD4B"
4,64,"KIF18B"
4,65,"BCL2L12"
4,66,"FCMR"
4,67,"DLC1"
4,68,"FAM111A-DT"
4,69,"TBX2"
4,70,"PPP5C"
4,71,"NYNRIN"
4,72,"TOMM40"
4,73,"SQLE"
4,74,"ERCC2"
4,75,"MEX3A"
4,76,"VASH2"
4,77,"COX17"
4,78,"ERAP2"
4,79,"ARL6IP5"
4,80,"LPXN"
4,81,"ADAMTS7"
4,82,"CDC6"
4,83,"UBE2J1"
4,84,"PLK2"
4,85,"EML5"
4,86,"ERMN"
4,87,"MS4A1"
4,88,"MDC1"
4,89,"ALPK1"
4,90,"KLRD1"
4,91,"OCIAD2"
4,92,"MED24"
4,93,"PRKCH"
4,94,"RCOR2"
4,95,"WTIP"
4,96,"FAM171A2"
4,97,"ST6GAL2"
4,98,"DRP2"
4,99,"TRO"
4,100,"C19orf47"
5,1,"MIR155HG"
5,2,"CLEC12A"
5,3,"ITPR1"
5,4,"PLA2G2D"
5,5,"FCRL3"
5,6,"TLR1"
5,7,"GZMK"
5,8,"ZNF267"
5,9,"TIFAB"
5,10,"SDR42E1"
5,11,"CXCL13"
5,12,"KMO"
5,13,"TNFRSF9"
5,14,"FCRL1"
5,15,"CCL19"
5,16,"RASGRP1"
5,17,"P2RY10"
5,18,"BTLA"
5,19,"RASGEF1A"
5,20,"TUBA4A"
5,21,"SH2D1A"
5,22,"BRPF3"
5,23,"CXCL9"
5,24,"COL20A1"
5,25,"S1PR4"
5,26,"PDCD1"
5,27,"VARS2"
5,28,"SCARF2"
5,29,"ANKRD22"
5,30,"IFNG-AS1"
5,31,"APOL3"
5,32,"TRIM71"
5,33,"PTPN7"
5,34,"THEMIS"
5,35,"GZMA"
5,36,"ITSN2"
5,37,"RASL10B"
5,38,"SLAMF7"
5,39,"CD3D"
5,40,"HLA-DQB1"
5,41,"HLA-DOA"
5,42,"PARP15"
5,43,"MS4A1"
5,44,"DENND2A"
5,45,"MIR29B2CHG"
5,46,"CD52"
5,47,"ABCD2"
5,48,"TRBC1"
5,49,"RAB37"
5,50,"TICRR"
5,51,"CD96"
5,52,"CD22"
5,53,"HLA-DQA1"
5,54,"CYLD"
5,55,"GVINP1"
5,56,"CASP17P"
5,57,"DGLUCY"
5,58,"ZC3H12D"
5,59,"P2RY13"
5,60,"TIGIT"
5,61,"ADAM28"
5,62,"NCEH1"
5,63,"IL18"
5,64,"VNN2"
5,65,"PTPRC"
5,66,"SAMD3"
5,67,"FCRL2"
5,68,"NAAA"
5,69,"VPS13C"
5,70,"CD8A"
5,71,"RHOH"
5,72,"TLR6"
5,73,"PATL2"
5,74,"ADAMTS7"
5,75,"PTPN22"
5,76,"OGFRL1"
5,77,"ARHGAP18"
5,78,"IKZF1"
5,79,"SLAMF1"
5,80,"MIAT"
5,81,"KLHL6"
5,82,"LCP1"
5,83,"CD27"
5,84,"DTHD1"
5,85,"PLCG2"
5,86,"CXCR3"
5,87,"ZNF831"
5,88,"HLA-DPA1"
5,89,"NLRC5"
5,90,"SOX12"
5,91,"ITGB2-AS1"
5,92,"PCED1B-AS1"
5,93,"TRAF3IP3"
5,94,"TK1"
5,95,"TRAT1"
5,96,"MEGF8"
5,97,"SP140"
5,98,"IGLV2-23"
5,99,"TRBC2"
5,100,"TAGAP"
