"","PD1_1","PD1_4","PD1_5","PD1_6","PD1_7","PD1_8","PD1_9","PD1_10","PD1_11","PD1_12","PD1_13","PD1_14","PD1_16","PD1_17","PD1_19","PD1_20","PD1_21","PD1_24","PD1_25","PD1_26","PD1_27","PD1_29","PD1_32","PD1_33","PD1_36","PD1_41","PD1_43","PD1_44","PD1_45","PD1_46","PD1_49","PD1_50","PD1_51","PD1_53","PD1_38","PD1_47"
"PD1_1",1,0.857963503753317,0.67401615597037,0.849226488225025,0.881030169214867,0.795750799848173,0.70721293840729,0.846409703477676,0.702706954797215,0.826828135460503,0.743617773673706,0.825155067208715,0.765554710619791,0.79669388151176,0.847044133147021,0.825521860423692,0.775457303596593,0.803990039267298,0.817979294118629,0.810957935215033,0.870832686096679,0.786182265699816,0.76764134379989,0.729879537602298,0.847385075543656,0.853827313855893,0.654190097537607,0.758279147891811,0.767442739868861,0.811137633238022,0.845121860638358,0.793300178713131,0.778011937048976,0.854736341081629,0.68674494087807,0.839311500867626
"PD1_4",0.857963503753317,1,0.714812969752769,0.870961574028723,0.864123072697352,0.814020033434663,0.712647909164834,0.816652261848271,0.747637083795594,0.817471377284084,0.779827871730311,0.832344419613346,0.774293730424563,0.821153926775485,0.834299940302702,0.846118156230974,0.787401578391141,0.783742568099424,0.837940040011998,0.811528908296336,0.839247853504275,0.795051213844357,0.79306468977722,0.76921429428972,0.859948430735957,0.853684440371395,0.697520577577201,0.806784388137434,0.783842080041516,0.837960771358583,0.858579033475426,0.780776368475342,0.829179407976859,0.848760664661736,0.726512115298518,0.858562174100896
"PD1_5",0.67401615597037,0.714812969752769,1,0.699471441774697,0.70237789036626,0.692213336936332,0.711346606490899,0.76330101266683,0.772812588542917,0.773441033742524,0.80258190841571,0.713927390109411,0.707347223857799,0.739408052450625,0.669726019184526,0.733056113615085,0.790587298982221,0.752763150237207,0.744781822410565,0.738297977687607,0.706513518514741,0.762388921144361,0.676363032748109,0.765658368021675,0.720441814752435,0.754837366957803,0.760193387462885,0.767148777293297,0.750153677938011,0.779125850580938,0.708180801449446,0.760289133834284,0.770842071610838,0.741086443259762,0.775003420597814,0.696286371550858
"PD1_6",0.849226488225025,0.870961574028723,0.699471441774697,1,0.875449865534548,0.835058344546756,0.705622195676846,0.791983697546072,0.738238967670945,0.792733271011607,0.779083873517663,0.81601299292171,0.755194450592351,0.799532466255254,0.867558082227846,0.856179527654704,0.811517925861853,0.768132935522772,0.860768913289732,0.795364804496446,0.860969669585096,0.778721083473037,0.74116989865174,0.754546872053426,0.862545335726076,0.836866632533977,0.64924750933731,0.789790209971584,0.784420429159555,0.863742323132401,0.88211989168669,0.745125699229057,0.861590716925423,0.847875178302823,0.737051630146989,0.889469872160642
"PD1_7",0.881030169214867,0.864123072697352,0.70237789036626,0.875449865534548,1,0.807040176035553,0.692638239150369,0.815977610279054,0.706236585960623,0.823017836117236,0.784113662118118,0.822289345108087,0.748745772902673,0.783082549375195,0.845648715089833,0.855458489837798,0.800940075174753,0.804490507098753,0.840536786224045,0.800618962405652,0.859737607959674,0.779633371772239,0.754241206241858,0.738803660977453,0.845495554463449,0.846381482229769,0.647646361106761,0.766389699311551,0.788548236050452,0.835577858909342,0.860900087002334,0.77770378237838,0.806077544715283,0.862492888551011,0.708101395085598,0.868243707427983
"PD1_8",0.795750799848173,0.814020033434663,0.692213336936332,0.835058344546756,0.807040176035553,1,0.636681623243648,0.745899675233966,0.666472018865065,0.737377168022312,0.793045611730658,0.763269998525305,0.674593843981812,0.750775096975229,0.804835487798949,0.830258470652508,0.754140194293745,0.721078395143823,0.850223946789242,0.734383348041624,0.845180128190409,0.778566437311237,0.647003683845571,0.710460884056647,0.824531416617756,0.769250319987965,0.591139247084836,0.731937175131386,0.779209546234801,0.864226352851333,0.855926811672988,0.683834751295477,0.829296490756556,0.802659599221272,0.752290114286021,0.872689850149721
"PD1_9",0.70721293840729,0.712647909164834,0.711346606490899,0.705622195676846,0.692638239150369,0.636681623243648,1,0.753876406342082,0.681230191763825,0.768675973806289,0.680938307595499,0.757001734096869,0.745473058626481,0.750865390358311,0.729590935962859,0.656222650726093,0.743927399384432,0.765068954887998,0.727779761096261,0.789545419358421,0.710418995135461,0.759932772690359,0.755316322018406,0.750155287315166,0.725153366144815,0.772614390119246,0.730279712910366,0.737031866044042,0.616836120727134,0.712774686293097,0.653003445769092,0.721128508369937,0.670810034534172,0.689885833038301,0.68282584631414,0.681955942197184
"PD1_10",0.846409703477676,0.816652261848271,0.76330101266683,0.791983697546072,0.815977610279054,0.745899675233966,0.753876406342082,1,0.753798633713968,0.866206909188587,0.791437577135019,0.827207393055365,0.797063285501696,0.813729899845841,0.778525145376837,0.800374563533521,0.816186389852444,0.80446269622993,0.816274327964048,0.831015935759638,0.829532548808058,0.821635164689763,0.803412183551888,0.792507558938943,0.816350070940673,0.861742513370119,0.732915697549545,0.791292110968684,0.766076867907186,0.811167919714286,0.791683524254203,0.849555002408623,0.783063045704342,0.844550049735231,0.720433964672491,0.777034650494811
"PD1_11",0.702706954797215,0.747637083795594,0.772812588542917,0.738238967670945,0.706236585960623,0.666472018865065,0.681230191763825,0.753798633713968,1,0.734105088381423,0.759735781330546,0.738651231393443,0.786936436661919,0.785786540457922,0.735121509110544,0.749852958405985,0.764639096396775,0.742085590087873,0.743764481506353,0.762292076423558,0.717423090544775,0.738606164471691,0.73538751578518,0.784080859882762,0.729855450320133,0.764634757164781,0.820881083123352,0.814965187396813,0.748149645022158,0.76536248228341,0.73427439048505,0.762402252232468,0.783402050512649,0.72657609556651,0.773976871612063,0.748614039071842
"PD1_12",0.826828135460503,0.817471377284084,0.773441033742524,0.792733271011607,0.823017836117236,0.737377168022312,0.768675973806289,0.866206909188587,0.734105088381423,1,0.786061926082005,0.845148079297294,0.789831474474065,0.802295847970233,0.785891993552384,0.778701119832889,0.816483536277619,0.829962375507385,0.815688160228783,0.824918724397096,0.818380507564856,0.826643287464731,0.79387027402771,0.796104797943495,0.828898370010282,0.865325440895721,0.725402961906203,0.78913153755972,0.748034798869875,0.830664558368863,0.782833443339344,0.822192412504631,0.773429401909184,0.837708497488821,0.719683321642879,0.769803325687398
"PD1_13",0.743617773673706,0.779827871730311,0.80258190841571,0.779083873517663,0.784113662118118,0.793045611730658,0.680938307595499,0.791437577135019,0.759735781330546,0.786061926082005,1,0.773555608373127,0.740937806236604,0.794894093295187,0.747306152938046,0.821677652843301,0.814442753074178,0.757745888189334,0.82237696426843,0.775484072257712,0.802734725369202,0.782031670926305,0.708650213595406,0.761483841856969,0.773625729273924,0.782572458632755,0.697250890740546,0.774818403341361,0.844387168834291,0.828103215740738,0.777519434694164,0.763666146448174,0.823161407971993,0.816026288455997,0.777818421571755,0.812927205935737
"PD1_14",0.825155067208715,0.832344419613346,0.713927390109411,0.81601299292171,0.822289345108087,0.763269998525305,0.757001734096869,0.827207393055365,0.738651231393443,0.845148079297294,0.773555608373127,1,0.797045841913525,0.806823144520685,0.843696722211307,0.781118477032733,0.811320532121762,0.804994674502093,0.844565615101736,0.837700230073705,0.815540751117725,0.813763846354311,0.815114223185547,0.787742187463269,0.811027495051035,0.847349839501332,0.735709806675119,0.804233404706177,0.728805603601906,0.822374819119916,0.790403941845794,0.794629011576378,0.758143044205463,0.801846518281695,0.72063808674567,0.808881064117844
"PD1_16",0.765554710619791,0.774293730424563,0.707347223857799,0.755194450592351,0.748745772902673,0.674593843981812,0.745473058626481,0.797063285501696,0.786936436661919,0.789831474474065,0.740937806236604,0.797045841913525,1,0.826191351659491,0.752601173732223,0.735144610828933,0.727837374193192,0.778490526375917,0.756290660887139,0.813133842531189,0.762985364163977,0.809920880454254,0.85214653111089,0.849715971434258,0.776232066355677,0.801139812674386,0.779161388331118,0.859003851537717,0.690150376081421,0.75831138842451,0.716971491695234,0.792828811788102,0.760769099263897,0.748904752303143,0.71861835010362,0.758703749601278
"PD1_17",0.79669388151176,0.821153926775485,0.739408052450625,0.799532466255254,0.783082549375195,0.750775096975229,0.750865390358311,0.813729899845841,0.785786540457922,0.802295847970233,0.794894093295187,0.806823144520685,0.826191351659491,1,0.79196681772701,0.792259423655416,0.777047500336308,0.810032531298733,0.811895844138941,0.829749045078192,0.808748571046669,0.828827451943867,0.825425990610695,0.816108593242952,0.827340318309771,0.838453049897956,0.76158142562573,0.845562395147505,0.759738938960853,0.804291738725753,0.756029610181446,0.810901149769357,0.811035727689797,0.792114926994706,0.766943408071408,0.807318531007078
"PD1_19",0.847044133147021,0.834299940302702,0.669726019184526,0.867558082227846,0.845648715089833,0.804835487798949,0.729590935962859,0.778525145376837,0.735121509110544,0.785891993552384,0.747306152938046,0.843696722211307,0.752601173732223,0.79196681772701,1,0.805829046347627,0.79103324043258,0.788897488229662,0.871325621250898,0.801955687219065,0.832049928467301,0.775237648200854,0.74641832979662,0.742717422795853,0.841610737538568,0.826400739735534,0.694952383488783,0.771320571737841,0.724613744164636,0.818088311959809,0.841900642322552,0.729459869822113,0.791201375337597,0.793840662879683,0.7071318721008,0.860862318876647
"PD1_20",0.825521860423692,0.846118156230974,0.733056113615085,0.856179527654704,0.855458489837798,0.830258470652508,0.656222650726093,0.800374563533521,0.749852958405985,0.778701119832889,0.821677652843301,0.781118477032733,0.735144610828933,0.792259423655416,0.805829046347627,1,0.798778380101686,0.754611586659844,0.841142476022243,0.768327964858708,0.845734739269665,0.784567625038504,0.710561495880797,0.754108152092898,0.838082394505984,0.810492776242372,0.656410854471013,0.785436234209498,0.82808462013746,0.836917758986865,0.865477010464661,0.786965824247039,0.861841221063942,0.859089948628307,0.735779203660823,0.88224821986571
"PD1_21",0.775457303596593,0.787401578391141,0.790587298982221,0.811517925861853,0.800940075174753,0.754140194293745,0.743927399384432,0.816186389852444,0.764639096396775,0.816483536277619,0.814442753074178,0.811320532121762,0.727837374193192,0.777047500336308,0.79103324043258,0.798778380101686,1,0.784131436554473,0.84552002073167,0.783738409778693,0.814147078009757,0.78430292059958,0.709982717603374,0.756407693725054,0.784000770325447,0.806423270013203,0.720626806505288,0.7475608630823,0.760036527039551,0.841009252129605,0.799449357240089,0.763280231383857,0.788208458007573,0.801101076697998,0.761169386757965,0.796709976726509
"PD1_24",0.803990039267298,0.783742568099424,0.752763150237207,0.768132935522772,0.804490507098753,0.721078395143823,0.765068954887998,0.80446269622993,0.742085590087873,0.829962375507385,0.757745888189334,0.804994674502093,0.778490526375917,0.810032531298733,0.788897488229662,0.754611586659844,0.784131436554473,1,0.783405107322837,0.841601135749131,0.789461894657093,0.820702836333796,0.788110388716,0.775037787211147,0.783749376022647,0.839497471405613,0.738119757985192,0.790931415500167,0.722245489451137,0.796659807072903,0.740702757045212,0.805721018311934,0.7525103483521,0.783684235532973,0.747342098891247,0.765532385757136
"PD1_25",0.817979294118629,0.837940040011998,0.744781822410565,0.860768913289732,0.840536786224045,0.850223946789242,0.727779761096261,0.816274327964048,0.743764481506353,0.815688160228783,0.82237696426843,0.844565615101736,0.756290660887139,0.811895844138941,0.871325621250898,0.841142476022243,0.84552002073167,0.783405107322837,1,0.800474490242944,0.846963534708784,0.806657178918521,0.732257661911438,0.77807576176628,0.854076788914019,0.830179346880588,0.703960409613867,0.784945270841548,0.766126606214248,0.867235276687038,0.843024681237965,0.752686342558116,0.827422441334658,0.823059377122751,0.771910709938734,0.878004622406482
"PD1_26",0.810957935215033,0.811528908296336,0.738297977687607,0.795364804496446,0.800618962405652,0.734383348041624,0.789545419358421,0.831015935759638,0.762292076423558,0.824918724397096,0.775484072257712,0.837700230073705,0.813133842531189,0.829749045078192,0.801955687219065,0.768327964858708,0.783738409778693,0.841601135749131,0.800474490242944,1,0.818718105614006,0.840934108996797,0.823069430600851,0.814505461997575,0.79879743018879,0.844566807657724,0.763155139207749,0.814713472990729,0.729277428283674,0.797431171009918,0.768470301284846,0.796303910017914,0.770983082654344,0.796386709605969,0.733354655296686,0.819999388564778
"PD1_27",0.870832686096679,0.839247853504275,0.706513518514741,0.860969669585096,0.859737607959674,0.845180128190409,0.710418995135461,0.829532548808058,0.717423090544775,0.818380507564856,0.802734725369202,0.815540751117725,0.762985364163977,0.808748571046669,0.832049928467301,0.845734739269665,0.814147078009757,0.789461894657093,0.846963534708784,0.818718105614006,1,0.828897157839154,0.74537663362294,0.753569795592899,0.866749850226061,0.84856783606247,0.651502951385784,0.768398447399301,0.792484250165814,0.8630486525666,0.883935681477789,0.759352334336465,0.835340176756266,0.856121766521181,0.737604414232239,0.876246380579873
"PD1_29",0.786182265699816,0.795051213844357,0.762388921144361,0.778721083473037,0.779633371772239,0.778566437311237,0.759932772690359,0.821635164689763,0.738606164471691,0.826643287464731,0.782031670926305,0.813763846354311,0.809920880454254,0.828827451943867,0.775237648200854,0.784567625038504,0.78430292059958,0.820702836333796,0.806657178918521,0.840934108996797,0.828897157839154,1,0.800725129907849,0.828918585109207,0.80602494835168,0.847627550843607,0.734189930203318,0.846173527438886,0.73307297983167,0.820466637432967,0.752294894231438,0.793102733216457,0.797293762078594,0.803521533971473,0.765207264317759,0.790342580757585
"PD1_32",0.76764134379989,0.79306468977722,0.676363032748109,0.74116989865174,0.754241206241858,0.647003683845571,0.755316322018406,0.803412183551888,0.73538751578518,0.79387027402771,0.708650213595406,0.815114223185547,0.85214653111089,0.825425990610695,0.74641832979662,0.710561495880797,0.709982717603374,0.788110388716,0.732257661911438,0.823069430600851,0.74537663362294,0.800725129907849,1,0.819629863559232,0.759748349128752,0.827256874652648,0.776539350523713,0.845185664600262,0.665623351226818,0.72695224081371,0.685940936737742,0.797083714442887,0.72363139103702,0.743018907703823,0.693959428121063,0.735855964292057
"PD1_33",0.729879537602298,0.76921429428972,0.765658368021675,0.754546872053426,0.738803660977453,0.710460884056647,0.750155287315166,0.792507558938943,0.784080859882762,0.796104797943495,0.761483841856969,0.787742187463269,0.849715971434258,0.816108593242952,0.742717422795853,0.754108152092898,0.756407693725054,0.775037787211147,0.77807576176628,0.814505461997575,0.753569795592899,0.828918585109207,0.819629863559232,1,0.770365190276299,0.794764004248927,0.777657639689012,0.867564840405645,0.716501341740403,0.783757860605369,0.718162274851975,0.783765114876778,0.801911999058003,0.757296929327731,0.779843375713683,0.760861820325396
"PD1_36",0.847385075543656,0.859948430735957,0.720441814752435,0.862545335726076,0.845495554463449,0.824531416617756,0.725153366144815,0.816350070940673,0.729855450320133,0.828898370010282,0.773625729273924,0.811027495051035,0.776232066355677,0.827340318309771,0.841610737538568,0.838082394505984,0.784000770325447,0.783749376022647,0.854076788914019,0.79879743018879,0.866749850226061,0.80602494835168,0.759748349128752,0.770365190276299,1,0.856406005400269,0.665278600800748,0.797203620366311,0.773115702595676,0.843483679220854,0.866968234474203,0.790432205199757,0.846158608615715,0.846333203067036,0.731286648066224,0.853194805581771
"PD1_41",0.853827313855893,0.853684440371395,0.754837366957803,0.836866632533977,0.846381482229769,0.769250319987965,0.772614390119246,0.861742513370119,0.764634757164781,0.865325440895721,0.782572458632755,0.847349839501332,0.801139812674386,0.838453049897956,0.826400739735534,0.810492776242372,0.806423270013203,0.839497471405613,0.830179346880588,0.844566807657724,0.84856783606247,0.847627550843607,0.827256874652648,0.794764004248927,0.856406005400269,1,0.742286291080415,0.839182381259523,0.763861135625545,0.843869611233509,0.813122941459483,0.827533093300453,0.811611493007772,0.844688064586791,0.742204321669743,0.814851714185804
"PD1_43",0.654190097537607,0.697520577577201,0.760193387462885,0.64924750933731,0.647646361106761,0.591139247084836,0.730279712910366,0.732915697549545,0.820881083123352,0.725402961906203,0.697250890740546,0.735709806675119,0.779161388331118,0.76158142562573,0.694952383488783,0.656410854471013,0.720626806505288,0.738119757985192,0.703960409613867,0.763155139207749,0.651502951385784,0.734189930203318,0.776539350523713,0.777657639689012,0.665278600800748,0.742286291080415,1,0.793632192037204,0.641693179655088,0.70108558577914,0.629153656693364,0.744566896949329,0.681773321405995,0.658858965952331,0.729903730297921,0.66103946383811
"PD1_44",0.758279147891811,0.806784388137434,0.767148777293297,0.789790209971584,0.766389699311551,0.731937175131386,0.737031866044042,0.791292110968684,0.814965187396813,0.78913153755972,0.774818403341361,0.804233404706177,0.859003851537717,0.845562395147505,0.771320571737841,0.785436234209498,0.7475608630823,0.790931415500167,0.784945270841548,0.814713472990729,0.768398447399301,0.846173527438886,0.845185664600262,0.867564840405645,0.797203620366311,0.839182381259523,0.793632192037204,1,0.74098462275104,0.791682613626851,0.743210743120753,0.808254863143382,0.825158779067937,0.782552728729972,0.780381413432866,0.786341708162354
"PD1_45",0.767442739868861,0.783842080041516,0.750153677938011,0.784420429159555,0.788548236050452,0.779209546234801,0.616836120727134,0.766076867907186,0.748149645022158,0.748034798869875,0.844387168834291,0.728805603601906,0.690150376081421,0.759738938960853,0.724613744164636,0.82808462013746,0.760036527039551,0.722245489451137,0.766126606214248,0.729277428283674,0.792484250165814,0.73307297983167,0.665623351226818,0.716501341740403,0.773115702595676,0.763861135625545,0.641693179655088,0.74098462275104,1,0.791635339966174,0.800236031213843,0.750797636742207,0.837793483295615,0.825655708626801,0.728594178448352,0.799854308739853
"PD1_46",0.811137633238022,0.837960771358583,0.779125850580938,0.863742323132401,0.835577858909342,0.864226352851333,0.712774686293097,0.811167919714286,0.76536248228341,0.830664558368863,0.828103215740738,0.822374819119916,0.75831138842451,0.804291738725753,0.818088311959809,0.836917758986865,0.841009252129605,0.796659807072903,0.867235276687038,0.797431171009918,0.8630486525666,0.820466637432967,0.72695224081371,0.783757860605369,0.843483679220854,0.843869611233509,0.70108558577914,0.791682613626851,0.791635339966174,1,0.84857949502918,0.768493265679093,0.852589940017141,0.833634373003905,0.77572545645334,0.860682226857688
"PD1_49",0.845121860638358,0.858579033475426,0.708180801449446,0.88211989168669,0.860900087002334,0.855926811672988,0.653003445769092,0.791683524254203,0.73427439048505,0.782833443339344,0.777519434694164,0.790403941845794,0.716971491695234,0.756029610181446,0.841900642322552,0.865477010464661,0.799449357240089,0.740702757045212,0.843024681237965,0.768470301284846,0.883935681477789,0.752294894231438,0.685940936737742,0.718162274851975,0.866968234474203,0.813122941459483,0.629153656693364,0.743210743120753,0.800236031213843,0.84857949502918,1,0.733288118418761,0.863084250331139,0.85134520437517,0.728485462629278,0.887589850731299
"PD1_50",0.793300178713131,0.780776368475342,0.760289133834284,0.745125699229057,0.77770378237838,0.683834751295477,0.721128508369937,0.849555002408623,0.762402252232468,0.822192412504631,0.763666146448174,0.794629011576378,0.792828811788102,0.810901149769357,0.729459869822113,0.786965824247039,0.763280231383857,0.805721018311934,0.752686342558116,0.796303910017914,0.759352334336465,0.793102733216457,0.797083714442887,0.783765114876778,0.790432205199757,0.827533093300453,0.744566896949329,0.808254863143382,0.750797636742207,0.768493265679093,0.733288118418761,1,0.767071322108456,0.795330263057441,0.710524879436762,0.723448565771619
"PD1_51",0.778011937048976,0.829179407976859,0.770842071610838,0.861590716925423,0.806077544715283,0.829296490756556,0.670810034534172,0.783063045704342,0.783402050512649,0.773429401909184,0.823161407971993,0.758143044205463,0.760769099263897,0.811035727689797,0.791201375337597,0.861841221063942,0.788208458007573,0.7525103483521,0.827422441334658,0.770983082654344,0.835340176756266,0.797293762078594,0.72363139103702,0.801911999058003,0.846158608615715,0.811611493007772,0.681773321405995,0.825158779067937,0.837793483295615,0.852589940017141,0.863084250331139,0.767071322108456,1,0.840829191027165,0.782707533397569,0.865060527695978
"PD1_53",0.854736341081629,0.848760664661736,0.741086443259762,0.847875178302823,0.862492888551011,0.802659599221272,0.689885833038301,0.844550049735231,0.72657609556651,0.837708497488821,0.816026288455997,0.801846518281695,0.748904752303143,0.792114926994706,0.793840662879683,0.859089948628307,0.801101076697998,0.783684235532973,0.823059377122751,0.796386709605969,0.856121766521181,0.803521533971473,0.743018907703823,0.757296929327731,0.846333203067036,0.844688064586791,0.658858965952331,0.782552728729972,0.825655708626801,0.833634373003905,0.85134520437517,0.795330263057441,0.840829191027165,1,0.728277696312572,0.826411384277742
"PD1_38",0.68674494087807,0.726512115298518,0.775003420597814,0.737051630146989,0.708101395085598,0.752290114286021,0.68282584631414,0.720433964672491,0.773976871612063,0.719683321642879,0.777818421571755,0.72063808674567,0.71861835010362,0.766943408071408,0.7071318721008,0.735779203660823,0.761169386757965,0.747342098891247,0.771910709938734,0.733354655296686,0.737604414232239,0.765207264317759,0.693959428121063,0.779843375713683,0.731286648066224,0.742204321669743,0.729903730297921,0.780381413432866,0.728594178448352,0.77572545645334,0.728485462629278,0.710524879436762,0.782707533397569,0.728277696312572,1,0.771460937248154
"PD1_47",0.839311500867626,0.858562174100896,0.696286371550858,0.889469872160642,0.868243707427983,0.872689850149721,0.681955942197184,0.777034650494811,0.748614039071842,0.769803325687398,0.812927205935737,0.808881064117844,0.758703749601278,0.807318531007078,0.860862318876647,0.88224821986571,0.796709976726509,0.765532385757136,0.878004622406482,0.819999388564778,0.876246380579873,0.790342580757585,0.735855964292057,0.760861820325396,0.853194805581771,0.814851714185804,0.66103946383811,0.786341708162354,0.799854308739853,0.860682226857688,0.887589850731299,0.723448565771619,0.865060527695978,0.826411384277742,0.771460937248154,1
