"gene","outer_folds_selected","selection_fraction"
"DENND2A",5,1
"FCRL1",5,1
"FCRL2",5,1
"MS4A1",5,1
"PLCG2",5,1
"RASL10B",5,1
"SCARF2",5,1
"SDR42E1",5,1
"TICRR",5,1
"TLR1",5,1
"TRIM71",5,1
"VARS2",5,1
"ALPK1",4,0.8
"COL20A1",4,0.8
"FBL",4,0.8
"FOXK2",4,0.8
"HROB",4,0.8
"IGLV2-23",4,0.8
"ITSN2",4,0.8
"MIR29B2CHG",4,0.8
"RELN",4,0.8
"SLC29A4",4,0.8
"TK1",4,0.8
"TLR10",4,0.8
"TPK1",4,0.8
"ADAMTS7",3,0.6
"ASTN2",3,0.6
"BIRC5",3,0.6
"CPNE5",3,0.6
"CYLD",3,0.6
"DACT3",3,0.6
"ERAP2",3,0.6
"ERMN",3,0.6
"KIF5C",3,0.6
"NTN1",3,0.6
"PATL2",3,0.6
"PCDHA10",3,0.6
"PIMREG",3,0.6
"RAB37",3,0.6
"RHOH",3,0.6
"RPL32P1",3,0.6
"SIDT1",3,0.6
"SIX4",3,0.6
"SLC16A7",3,0.6
"SQLE",3,0.6
"TBKBP1",3,0.6
"TMEM97",3,0.6
"TTN",3,0.6
"TUBB",3,0.6
"UBE2O",3,0.6
"WAKMAR2",3,0.6
"BANK1",2,0.4
"BCL2L12",2,0.4
"BLK",2,0.4
"BYSL",2,0.4
"CDC6",2,0.4
"CDH24",2,0.4
"DGLUCY",2,0.4
"ERCC2",2,0.4
"EXTL3",2,0.4
"FCHO1",2,0.4
"FKBP4",2,0.4
"FPGT-TNNI3K",2,0.4
"HCP5",2,0.4
"IGF2",2,0.4
"IRF1-AS1",2,0.4
"ITGB2-AS1",2,0.4
"KCNG1",2,0.4
"KIAA1549",2,0.4
"KIF18B",2,0.4
"KLRD1",2,0.4
"LINC02362",2,0.4
"MARK4",2,0.4
"MEOX2",2,0.4
"MEX3A",2,0.4
"MIR155HG",2,0.4
"NAAA",2,0.4
"OGFOD3",2,0.4
"PAK4",2,0.4
"PCDHA9",2,0.4
"PCDHAC1",2,0.4
"RNF165",2,0.4
"RPS19",2,0.4
"SBK1",2,0.4
"SLAMF1",2,0.4
"SMPDL3A",2,0.4
"ST6GAL2",2,0.4
"SUPT5H",2,0.4
"THAP10",2,0.4
"TOMM40",2,0.4
"TRO",2,0.4
"UBE2J1",2,0.4
"VASH2",2,0.4
"XPO5",2,0.4
"ZC3H12D",2,0.4
"ZNF286A",2,0.4
"ZNF571-AS1",2,0.4
"ZNF579",2,0.4
"ZNF724",2,0.4
"ZNF850",2,0.4
"A2M-AS1",1,0.2
"ABCD2",1,0.2
"ABCF1",1,0.2
"ADAM28",1,0.2
"ALDH1A2",1,0.2
"ALYREF",1,0.2
"ANKRD22",1,0.2
"APOL3",1,0.2
"ARHGAP18",1,0.2
"ARL6IP5",1,0.2
"ARRDC5",1,0.2
"ASIC1",1,0.2
"BRPF3",1,0.2
"BTLA",1,0.2
"C19orf47",1,0.2
"CACNA2D4",1,0.2
"CASP17P",1,0.2
"CAST",1,0.2
"CBX7",1,0.2
"CCAR2",1,0.2
"CCDC88B",1,0.2
"CCL19",1,0.2
"CD22",1,0.2
"CD27",1,0.2
"CD3D",1,0.2
"CD52",1,0.2
"CD58",1,0.2
"CD69",1,0.2
"CD79A",1,0.2
"CD8A",1,0.2
"CD96",1,0.2
"CECR2",1,0.2
"CEP131",1,0.2
"CLDN11",1,0.2
"CLEC12A",1,0.2
"COL4A4",1,0.2
"COX17",1,0.2
"CSNK2B",1,0.2
"CXCL13",1,0.2
"CXCL9",1,0.2
"CXCR3",1,0.2
"DDX51",1,0.2
"DLC1",1,0.2
"DLX6-AS1",1,0.2
"DOK6",1,0.2
"DRP2",1,0.2
"DTHD1",1,0.2
"DZIP1",1,0.2
"E2F1",1,0.2
"EML5",1,0.2
"EPHB3",1,0.2
"EPN2",1,0.2
"FAM111A-DT",1,0.2
"FAM171A2",1,0.2
"FAM214A",1,0.2
"FCMR",1,0.2
"FCRL3",1,0.2
"FIGNL2",1,0.2
"FLT3",1,0.2
"FOXC1",1,0.2
"FOXM1",1,0.2
"FZD2",1,0.2
"GINS4",1,0.2
"GMNN",1,0.2
"GPC1",1,0.2
"GPR155",1,0.2
"GSK3A",1,0.2
"GVINP1",1,0.2
"GZMA",1,0.2
"GZMK",1,0.2
"HIC2",1,0.2
"HLA-DOA",1,0.2
"HLA-DPA1",1,0.2
"HLA-DQA1",1,0.2
"HLA-DQB1",1,0.2
"HMBOX1",1,0.2
"HNRNPUL1",1,0.2
"HOXB4",1,0.2
"HOXB9",1,0.2
"HSH2D",1,0.2
"IFNG-AS1",1,0.2
"IGFBP3",1,0.2
"IGHV1-2",1,0.2
"IGLV1-44",1,0.2
"IGLV2-8",1,0.2
"IKZF1",1,0.2
"IL18",1,0.2
"IPCEF1",1,0.2
"IRF2",1,0.2
"ITPR1",1,0.2
"JPT1",1,0.2
"KHSRP",1,0.2
"KIAA0040",1,0.2
"KIFC1",1,0.2
"KLHL6",1,0.2
"KLRK1",1,0.2
"KMO",1,0.2
"KPNB1",1,0.2
"LARP6",1,0.2
"LCP1",1,0.2
"LIMD1",1,0.2
"LINC00426",1,0.2
"LINC00649",1,0.2
"LLGL1",1,0.2
"LMAN2L",1,0.2
"LMNB2",1,0.2
"LPXN",1,0.2
"LRBA",1,0.2
"LRRC8C",1,0.2
"MAATS1",1,0.2
"MCM3",1,0.2
"MDC1",1,0.2
"MED24",1,0.2
"MEGF8",1,0.2
"MEX3B",1,0.2
"MIAT",1,0.2
"NCEH1",1,0.2
"NEK5",1,0.2
"NKX2-2",1,0.2
"NLRC5",1,0.2
"NYNRIN",1,0.2
"OCIAD2",1,0.2
"OGFRL1",1,0.2
"P2RY10",1,0.2
"P2RY13",1,0.2
"PARP15",1,0.2
"PARPBP",1,0.2
"PAXIP1-AS2",1,0.2
"PCDHA4",1,0.2
"PCDHB10",1,0.2
"PCDHB11",1,0.2
"PCDHB12",1,0.2
"PCDHB9",1,0.2
"PCED1B-AS1",1,0.2
"PCSK1",1,0.2
"PDCD1",1,0.2
"PEG3",1,0.2
"PLA2G2D",1,0.2
"PLK2",1,0.2
"POU2AF1",1,0.2
"POU4F1",1,0.2
"PPP2R5D",1,0.2
"PPP3CB-AS1",1,0.2
"PPP5C",1,0.2
"PRKCH",1,0.2
"PRR3",1,0.2
"PSMB8-AS1",1,0.2
"PSMD3",1,0.2
"PTOV1",1,0.2
"PTPN22",1,0.2
"PTPN7",1,0.2
"PTPRC",1,0.2
"RAC3",1,0.2
"RASGEF1A",1,0.2
"RASGRP1",1,0.2
"RBPMS2",1,0.2
"RCOR2",1,0.2
"REL",1,0.2
"RGS17P1",1,0.2
"RIMS2",1,0.2
"RPS16",1,0.2
"RTEL1-TNFRSF6B",1,0.2
"S1PR4",1,0.2
"SALL4",1,0.2
"SAMD3",1,0.2
"SAMD4B",1,0.2
"SDHAF1",1,0.2
"SH2D1A",1,0.2
"SLAMF7",1,0.2
"SLC38A11",1,0.2
"SLC7A2",1,0.2
"SNHG32",1,0.2
"SOX12",1,0.2
"SP140",1,0.2
"STRAP",1,0.2
"TAGAP",1,0.2
"TBX2",1,0.2
"TC2N",1,0.2
"TCF7L1",1,0.2
"THEMIS",1,0.2
"TIFAB",1,0.2
"TIGIT",1,0.2
"TLR6",1,0.2
"TMEM145",1,0.2
"TMEM156",1,0.2
"TMEM200C",1,0.2
"TNFRSF9",1,0.2
"TRAF3IP3",1,0.2
"TRAT1",1,0.2
"TRBC1",1,0.2
"TRBC2",1,0.2
"TRGC2",1,0.2
"TRIM28",1,0.2
"TSPAN11",1,0.2
"TTC39B",1,0.2
"TUBA4A",1,0.2
"TWIST2",1,0.2
"ULK1",1,0.2
"UNG",1,0.2
"VNN2",1,0.2
"VPS13C",1,0.2
"WTIP",1,0.2
"ZC3HAV1L",1,0.2
"ZFAND3",1,0.2
"ZNF221",1,0.2
"ZNF260",1,0.2
"ZNF267",1,0.2
"ZNF492",1,0.2
"ZNF726",1,0.2
"ZNF730",1,0.2
"ZNF831",1,0.2
"ZNF93",1,0.2
